"Dist Code","Year","State Code","State Name","Dist Name","NITROGEN CONSUMPTION (tons)","NITROGEN SHARE IN NPK (Percent)","NITROGEN PER HA OF NCA (Kg per ha)","NITROGEN PER HA OF GCA (Kg per ha)","PHOSPHATE CONSUMPTION (tons)","PHOSPHATE SHARE IN NPK (Percent)","PHOSPHATE PER HA OF NCA (Kg per ha)","PHOSPHATE PER HA OF GCA (Kg per ha)","POTASH CONSUMPTION (tons)","POTASH SHARE IN NPK (Percent)","POTASH PER HA OF NCA (Kg per ha)","POTASH PER HA OF GCA (Kg per ha)","TOTAL CONSUMPTION (tons)","TOTAL PER HA OF NCA (Kg per ha)","TOTAL PER HA OF GCA (Kg per ha)"
"95","2008","7","Maharashtra","Bombay","0.0","0.0","0.0","0.0","0.0","0.0","0.0","0.0","0.0","0.0","0.0","0.0","0.0","0.0","0.0"
"95","2011","7","Maharashtra","Bombay","31948.0","72.66","0.0","0.0","10504.0","23.89","0.0","0.0","1518.0","3.45","0.0","0.0","43970.0","0.0","0.0"
"96","2008","7","Maharashtra","Thane","18098.0","82.18","73.99","72.36","2059.0","9.35","8.42","8.23","1866.0","8.47","7.63","7.46","22023.0","90.04","88.06"
"96","2009","7","Maharashtra","Thane","17863.0","77.69","73.03","71.42","3346.0","14.55","13.68","13.38","1783.0","7.75","7.29","7.13","22992.0","94.0","91.93"
"96","2010","7","Maharashtra","Thane","15261.0","76.44","62.39","50.79","2769.0","13.87","11.32","9.21","1935.0","9.69","7.91","6.44","19965.0","81.62","66.44"
"96","2011","7","Maharashtra","Thane","15244.0","78.69","62.32","47.06","2468.0","12.74","10.09","7.62","1661.0","8.57","6.79","5.13","19373.0","79.2","59.81"
"96","2012","7","Maharashtra","Thane","16722.0","80.2","68.36","66.86","2218.0","10.64","9.07","8.87","1911.0","9.17","7.81","7.64","20851.0","85.25","83.37"
"96","2013","7","Maharashtra","Thane","17433.0","77.35","71.27","69.7","2994.0","13.28","12.24","11.97","2112.0","9.37","8.63","8.44","22539.0","92.15","90.12"
"96","2014","7","Maharashtra","Thane","18932.0","80.44","80.05","78.23","2487.0","10.57","10.52","10.28","2116.0","8.99","8.95","8.74","23535.0","99.51","97.25"
"96","2015","7","Maharashtra","Thane","18891.0","81.03","79.88","78.06","2580.0","11.07","10.91","10.66","1843.0","7.91","7.79","7.62","23314.0","98.58","96.34"
"96","2016","7","Maharashtra","Thane","16452.0","78.56","66.91","65.44","2564.0","12.24","10.43","10.2","1924.0","9.19","7.82","7.65","20941.0","85.16","83.3"
"96","2017","7","Maharashtra","Thane","16562.0","78.15","67.33","65.85","2610.0","12.32","10.61","10.38","2021.0","9.54","8.22","8.04","21193.0","86.15","84.27"
"97","2008","7","Maharashtra","Raigad","11350.0","76.64","60.18","52.64","2464.0","16.64","13.06","11.43","996.0","6.73","5.28","4.62","14810.0","78.53","68.69"
"97","2009","7","Maharashtra","Raigad","11986.0","71.79","63.55","55.59","1638.0","9.81","8.69","7.6","3073.0","18.4","16.29","14.25","16697.0","88.53","77.44"
"97","2010","7","Maharashtra","Raigad","11713.0","72.76","62.1","52.81","2692.0","16.72","14.27","12.14","1694.0","10.52","8.98","7.64","16099.0","85.36","72.58"
"97","2011","7","Maharashtra","Raigad","11554.0","84.4","61.26","49.0","1305.0","9.53","6.92","5.53","830.0","6.06","4.4","3.52","13689.0","72.58","58.05"
"97","2012","7","Maharashtra","Raigad","11443.0","79.66","60.67","53.08","1905.0","13.26","10.1","8.84","1017.0","7.08","5.39","4.72","14365.0","76.17","66.63"
"97","2013","7","Maharashtra","Raigad","11299.0","71.17","59.91","52.41","2952.0","18.6","15.65","13.69","1624.0","10.23","8.61","7.53","15875.0","84.17","73.63"
"97","2014","7","Maharashtra","Raigad","13595.0","80.9","72.12","62.94","1817.0","10.81","9.64","8.41","1392.0","8.28","7.38","6.44","16804.0","89.15","77.8"
"97","2015","7","Maharashtra","Raigad","12719.0","78.9","67.47","59.02","1989.0","12.34","10.55","9.23","1412.0","8.76","7.49","6.55","16120.0","85.52","74.8"
"97","2016","7","Maharashtra","Raigad","10918.0","72.77","58.98","51.48","2457.0","16.38","13.27","11.58","1629.0","10.86","8.8","7.68","15004.0","81.06","70.74"
"97","2017","7","Maharashtra","Raigad","8955.0","78.49","46.91","41.19","1235.0","10.82","6.47","5.68","1219.0","10.68","6.39","5.61","11409.0","59.76","52.48"
"98","2008","7","Maharashtra","Ratnagiri","10343.0","61.66","26.89","24.94","3569.0","21.28","9.28","8.61","2861.0","17.06","7.44","6.9","16773.0","43.61","40.45"
"98","2009","7","Maharashtra","Ratnagiri","11103.0","59.52","28.87","26.77","4974.0","26.67","12.93","11.99","2576.0","13.81","6.7","6.21","18653.0","48.5","44.97"
"98","2010","7","Maharashtra","Ratnagiri","16933.0","60.49","44.02","30.16","7086.0","25.31","18.42","12.62","3974.0","14.2","10.33","7.08","27993.0","72.77","49.85"
"98","2011","7","Maharashtra","Ratnagiri","11141.0","64.84","28.96","18.96","4176.0","24.3","10.86","7.11","1865.0","10.85","4.85","3.17","17182.0","44.66","29.25"
"98","2012","7","Maharashtra","Ratnagiri","10795.0","69.69","27.37","25.42","2663.0","17.19","6.75","6.27","2032.0","13.12","5.15","4.79","15490.0","39.27","36.48"
"98","2013","7","Maharashtra","Ratnagiri","10968.0","71.94","27.75","25.95","2402.0","15.75","6.08","5.68","1877.0","12.31","4.75","4.44","15247.0","38.58","36.08"
"98","2014","7","Maharashtra","Ratnagiri","11034.0","68.81","27.94","26.15","2706.0","16.87","6.85","6.41","2296.0","14.32","5.81","5.44","16036.0","40.61","38.0"
"98","2015","7","Maharashtra","Ratnagiri","13365.0","65.1","33.9","31.69","4214.0","20.53","10.69","9.99","2951.0","14.37","7.48","7.0","20530.0","52.07","48.68"
"98","2016","7","Maharashtra","Ratnagiri","10736.0","62.3","27.18","25.42","3764.0","21.84","9.53","8.91","2732.0","15.85","6.92","6.47","17233.0","43.63","40.8"
"98","2017","7","Maharashtra","Ratnagiri","11045.0","66.09","28.16","26.32","3303.0","19.76","8.42","7.87","2364.0","14.15","6.03","5.63","16712.0","42.61","39.83"
"99","2008","7","Maharashtra","Nasik","85549.0","53.65","96.94","85.38","52105.0","32.68","59.04","52.0","21793.0","13.67","24.69","21.75","159447.0","180.68","159.13"
"99","2009","7","Maharashtra","Nasik","91858.0","53.59","104.38","93.24","53508.0","31.22","60.8","54.31","26049.0","15.2","29.6","26.44","171415.0","194.79","173.99"
"99","2010","7","Maharashtra","Nasik","94346.0","51.59","107.03","98.38","62596.0","34.23","71.01","65.27","25946.0","14.19","29.43","27.06","182888.0","207.47","190.71"
"99","2011","7","Maharashtra","Nasik","86145.0","52.72","97.53","68.98","59335.0","36.31","67.17","47.51","17918.0","10.97","20.29","14.35","163398.0","184.99","130.84"
"99","2012","7","Maharashtra","Nasik","77097.0","57.12","87.28","77.58","39087.0","28.96","44.25","39.33","18791.0","13.92","21.27","18.91","134975.0","152.81","135.82"
"99","2013","7","Maharashtra","Nasik","91831.0","55.55","105.37","93.31","51200.0","30.97","58.75","52.02","22270.0","13.47","25.55","22.63","165301.0","189.67","167.95"
"99","2014","7","Maharashtra","Nasik","89524.0","54.85","102.81","90.61","47561.0","29.14","54.62","48.14","26118.0","16.0","29.99","26.44","163203.0","187.42","165.19"
"99","2015","7","Maharashtra","Nasik","80910.0","52.01","93.27","81.35","50438.0","32.42","58.14","50.71","24208.0","15.56","27.91","24.34","155556.0","179.32","156.4"
"99","2016","7","Maharashtra","Nasik","90911.0","55.65","104.16","89.92","49507.0","30.3","56.72","48.97","22951.0","14.05","26.3","22.7","163369.0","187.18","161.59"
"99","2017","7","Maharashtra","Nasik","99979.0","50.42","114.88","98.5","64106.0","32.33","73.66","63.16","34212.0","17.25","39.31","33.71","198297.0","227.85","195.37"
"100","2008","7","Maharashtra","Dhule","67765.0","61.71","92.77","78.65","24739.0","22.53","33.87","28.71","17312.0","15.76","23.7","20.09","109816.0","150.33","127.46"
"100","2009","7","Maharashtra","Dhule","72245.0","59.34","98.91","83.3","28162.0","23.13","38.56","32.47","21342.0","17.53","29.22","24.61","121749.0","166.69","140.38"
"100","2010","7","Maharashtra","Dhule","73084.0","54.52","100.12","86.18","35460.0","26.45","48.58","41.82","25498.0","19.02","34.93","30.07","134042.0","183.62","158.07"
"100","2011","7","Maharashtra","Dhule","69184.0","60.82","94.88","85.45","29917.0","26.3","41.03","36.95","14647.0","12.88","20.09","18.09","113748.0","155.99","140.5"
"100","2012","7","Maharashtra","Dhule","72072.0","62.15","99.07","81.1","24557.0","21.18","33.76","27.63","19332.0","16.67","26.57","21.75","115961.0","159.4","130.48"
"100","2013","7","Maharashtra","Dhule","79135.0","63.17","108.82","87.28","25474.0","20.33","35.03","28.1","20672.0","16.5","28.43","22.8","125281.0","172.28","138.17"
"100","2014","7","Maharashtra","Dhule","77496.0","60.66","106.58","85.35","26030.0","20.38","35.8","28.67","24221.0","18.96","33.31","26.68","127747.0","175.69","140.69"
"100","2015","7","Maharashtra","Dhule","78449.0","57.02","107.91","86.39","31022.0","22.55","42.67","34.16","28109.0","20.43","38.66","30.95","137580.0","189.24","151.5"
"100","2016","7","Maharashtra","Dhule","74356.0","59.84","108.99","85.25","27165.0","21.86","39.82","31.15","22744.0","18.3","33.34","26.08","124266.0","182.15","142.47"
"100","2017","7","Maharashtra","Dhule","74311.0","55.92","112.46","86.82","30280.0","22.79","45.82","35.38","28300.0","21.3","42.83","33.06","132891.0","201.11","155.26"
"101","2008","7","Maharashtra","Jalgaon","110747.0","49.52","130.37","87.53","53760.0","24.04","63.28","42.49","59126.0","26.44","69.6","46.73","223633.0","263.25","176.76"
"101","2009","7","Maharashtra","Jalgaon","123342.0","49.21","145.26","100.67","65137.0","25.99","76.71","53.16","62156.0","24.8","73.2","50.73","250635.0","295.18","204.57"
"101","2010","7","Maharashtra","Jalgaon","138877.0","44.79","163.56","126.7","81355.0","26.24","95.81","74.22","89841.0","28.97","105.81","81.96","310073.0","365.18","282.89"
"101","2011","7","Maharashtra","Jalgaon","102150.0","51.59","120.3","111.09","52511.0","26.52","61.84","57.11","43330.0","21.88","51.03","47.12","197991.0","233.18","215.32"
"101","2012","7","Maharashtra","Jalgaon","93536.0","52.89","110.16","80.36","37787.0","21.37","44.5","32.47","45512.0","25.74","53.6","39.1","176835.0","208.26","151.93"
"101","2013","7","Maharashtra","Jalgaon","113324.0","54.28","133.46","97.37","42771.0","20.49","50.37","36.75","52694.0","25.24","62.06","45.27","208789.0","245.89","179.39"
"101","2014","7","Maharashtra","Jalgaon","118632.0","52.3","139.7","102.01","45624.0","20.11","53.73","39.23","62580.0","27.59","73.69","53.81","226836.0","267.12","195.04"
"101","2015","7","Maharashtra","Jalgaon","99625.0","48.34","117.32","85.67","46836.0","22.72","55.15","40.28","59641.0","28.94","70.23","51.29","206102.0","242.7","177.23"
"101","2016","7","Maharashtra","Jalgaon","106946.0","50.34","125.92","86.2","45941.0","21.62","54.09","37.03","59564.0","28.04","70.13","48.01","212451.0","250.15","171.23"
"101","2017","7","Maharashtra","Jalgaon","96772.0","44.26","113.96","79.62","47696.0","21.82","56.17","39.24","74158.0","33.92","87.33","61.02","218626.0","257.45","179.88"
"102","2008","7","Maharashtra","Ahmednagar","84639.0","50.69","76.6","56.99","52336.0","31.34","47.37","35.24","29996.0","17.96","27.15","20.2","166971.0","151.12","112.42"
"102","2009","7","Maharashtra","Ahmednagar","94643.0","46.37","86.08","65.31","68845.0","33.73","62.61","47.51","40595.0","19.89","36.92","28.01","204083.0","185.61","140.82"
"102","2010","7","Maharashtra","Ahmednagar","99902.0","44.57","90.93","69.44","72618.0","32.4","66.09","50.48","51638.0","23.04","47.0","35.89","224158.0","204.02","155.82"
"102","2011","7","Maharashtra","Ahmednagar","97444.0","52.82","89.09","77.69","63090.0","34.2","57.68","50.3","23934.0","12.97","21.88","19.08","184468.0","168.65","147.07"
"102","2012","7","Maharashtra","Ahmednagar","75370.0","53.19","68.91","52.0","41861.0","29.54","38.27","28.88","24459.0","17.26","22.36","16.88","141690.0","129.54","97.76"
"102","2013","7","Maharashtra","Ahmednagar","96741.0","52.6","89.3","66.74","55264.0","30.05","51.01","38.12","31912.0","17.35","29.46","22.01","183917.0","169.77","126.87"
"102","2014","7","Maharashtra","Ahmednagar","88315.0","51.07","81.33","59.55","48178.0","27.86","44.37","32.49","36445.0","21.07","33.56","24.58","172938.0","159.26","116.61"
"102","2015","7","Maharashtra","Ahmednagar","70260.0","48.14","67.6","49.47","48196.0","33.02","46.37","33.94","27499.0","18.84","26.46","19.36","145955.0","140.42","102.77"
"102","2016","7","Maharashtra","Ahmednagar","99006.0","53.52","94.62","68.07","54440.0","29.43","52.03","37.43","31525.0","17.04","30.13","21.67","184972.0","176.77","127.17"
"102","2017","7","Maharashtra","Ahmednagar","105164.0","49.3","96.98","69.03","66273.0","31.07","61.11","43.5","41883.0","19.63","38.62","27.49","213320.0","196.72","140.03"
"103","2008","7","Maharashtra","Pune","84030.0","52.51","89.94","70.41","45569.0","28.48","48.77","38.18","30423.0","19.01","32.56","25.49","160022.0","171.27","134.08"
"103","2009","7","Maharashtra","Pune","96341.0","47.3","104.7","82.92","63007.0","30.94","68.47","54.23","44318.0","21.76","48.16","38.15","203666.0","221.33","175.3"
"103","2010","7","Maharashtra","Pune","99667.0","48.04","108.36","104.73","63938.0","30.82","69.51","67.18","43864.0","21.14","47.69","46.09","207469.0","225.56","218.0"
"103","2011","7","Maharashtra","Pune","102441.0","52.78","111.47","73.99","64841.0","33.41","70.56","46.83","26815.0","13.82","29.18","19.37","194097.0","211.2","140.18"
"103","2012","7","Maharashtra","Pune","82459.0","56.77","90.15","70.4","38374.0","26.42","41.95","32.76","24412.0","16.81","26.69","20.84","145245.0","158.79","124.0"
"103","2013","7","Maharashtra","Pune","100054.0","54.3","108.48","85.42","49921.0","27.09","54.13","42.62","34284.0","18.61","37.17","29.27","184259.0","199.78","157.31"
"103","2014","7","Maharashtra","Pune","89233.0","53.57","97.3","0.0","43262.0","25.97","47.17","0.0","34088.0","20.46","37.17","0.0","166583.0","181.64","0.0"
"103","2015","7","Maharashtra","Pune","84722.0","52.59","98.15","75.56","48008.0","29.8","55.62","42.82","28373.0","17.61","32.87","25.31","161103.0","186.63","143.69"
"103","2016","7","Maharashtra","Pune","95343.0","57.13","158.77","108.69","42116.0","25.24","70.13","48.01","29422.0","17.63","49.0","33.54","166881.0","277.9","190.24"
"103","2017","7","Maharashtra","Pune","97238.0","54.03","165.4","111.5","48290.0","26.83","82.14","55.37","34456.0","19.14","58.61","39.51","179984.0","306.15","206.38"
"104","2008","7","Maharashtra","Satara","62449.0","47.25","114.73","96.81","36351.0","27.5","66.78","56.35","33364.0","25.24","61.3","51.72","132164.0","242.81","204.87"
"104","2009","7","Maharashtra","Satara","57162.0","51.49","104.75","87.62","32013.0","28.84","58.66","49.07","21845.0","19.68","40.03","33.48","111020.0","203.45","170.17"
"104","2010","7","Maharashtra","Satara","50079.0","46.22","91.92","78.02","33493.0","30.91","61.48","52.18","24774.0","22.87","45.47","38.59","108346.0","198.87","168.79"
"104","2011","7","Maharashtra","Satara","56490.0","54.98","104.63","86.24","30348.0","29.54","56.21","46.33","15908.0","15.48","29.46","24.29","102746.0","190.31","156.86"
"104","2012","7","Maharashtra","Satara","44251.0","55.29","83.97","70.13","20289.0","25.35","38.5","32.15","15488.0","19.35","29.39","24.55","80028.0","151.86","126.83"
"104","2013","7","Maharashtra","Satara","47096.0","53.21","87.54","70.95","23320.0","26.35","43.35","35.13","18094.0","20.44","33.63","27.26","88510.0","164.52","133.34"
"104","2014","7","Maharashtra","Satara","49866.0","53.15","91.89","73.77","23562.0","25.11","43.42","34.86","20397.0","21.74","37.58","30.17","93825.0","172.89","138.79"
"104","2015","7","Maharashtra","Satara","45083.0","53.58","84.11","68.19","23015.0","27.35","42.94","34.81","16037.0","19.06","29.92","24.26","84135.0","156.97","127.27"
"104","2016","7","Maharashtra","Satara","51391.0","54.99","95.26","77.01","24347.0","26.05","45.13","36.49","17716.0","18.96","32.84","26.55","93454.0","173.22","140.05"
"104","2017","7","Maharashtra","Satara","49264.0","51.86","91.65","73.86","25804.0","27.16","48.01","38.69","19926.0","20.98","37.07","29.87","94994.0","176.73","142.42"
"105","2008","7","Maharashtra","Sangli","71037.0","51.17","120.06","100.65","33141.0","23.87","56.01","46.96","34657.0","24.96","58.57","49.1","138835.0","234.64","196.71"
"105","2009","7","Maharashtra","Sangli","81036.0","49.04","134.3","110.61","48323.0","29.25","80.08","65.96","35869.0","21.71","59.44","48.96","165228.0","273.83","225.54"
"105","2010","7","Maharashtra","Sangli","74746.0","48.34","123.85","102.91","47620.0","30.8","78.91","65.57","32254.0","20.86","53.44","44.41","154620.0","256.21","212.89"
"105","2011","7","Maharashtra","Sangli","67787.0","51.39","115.74","90.89","41094.0","31.15","70.16","55.1","23033.0","17.46","39.33","30.88","131914.0","225.22","176.88"
"105","2012","7","Maharashtra","Sangli","58363.0","53.8","99.82","87.71","27974.0","25.79","47.84","42.04","22142.0","20.41","37.87","33.28","108479.0","185.53","163.03"
"105","2013","7","Maharashtra","Sangli","60819.0","54.76","104.02","84.92","27834.0","25.06","47.6","38.86","22403.0","20.17","38.32","31.28","111056.0","189.94","155.06"
"105","2014","7","Maharashtra","Sangli","56600.0","53.36","96.52","78.07","24195.0","22.81","41.26","33.37","25272.0","23.83","43.1","34.86","106067.0","180.88","146.3"
"105","2015","7","Maharashtra","Sangli","47004.0","50.08","79.53","61.42","26692.0","28.44","45.16","34.88","20165.0","21.48","34.12","26.35","93861.0","158.82","122.65"
"105","2016","7","Maharashtra","Sangli","55707.0","50.27","94.26","72.8","29303.0","26.44","49.58","38.29","25810.0","23.29","43.67","33.73","110821.0","187.51","144.83"
"105","2017","7","Maharashtra","Sangli","54620.0","50.93","92.25","69.03","27950.0","26.06","47.2","35.33","24678.0","23.01","41.68","31.19","107248.0","181.13","135.55"
"106","2008","7","Maharashtra","Solapur","77547.0","51.11","75.2","67.42","41589.0","27.41","40.33","36.16","32594.0","21.48","31.61","28.34","151730.0","147.14","131.92"
"106","2009","7","Maharashtra","Solapur","100959.0","45.14","98.43","89.69","73576.0","32.9","71.73","65.36","49110.0","21.96","47.88","43.63","223645.0","218.04","198.67"
"106","2010","7","Maharashtra","Solapur","96340.0","42.66","94.15","83.6","76135.0","33.71","74.4","66.07","53373.0","23.63","52.16","46.31","225848.0","220.71","195.98"
"106","2011","7","Maharashtra","Solapur","110117.0","51.8","107.45","76.26","66251.0","31.16","64.65","45.88","36222.0","17.04","35.35","25.08","212590.0","207.45","147.22"
"106","2012","7","Maharashtra","Solapur","72113.0","52.8","71.71","62.97","36610.0","26.81","36.41","31.97","27842.0","20.39","27.69","24.31","136565.0","135.8","119.25"
"106","2013","7","Maharashtra","Solapur","103522.0","54.56","101.94","88.65","50253.0","26.48","49.49","43.04","35972.0","18.96","35.42","30.81","189747.0","186.85","162.5"
"106","2014","7","Maharashtra","Solapur","87922.0","55.2","85.98","74.26","38181.0","23.97","37.34","32.25","33187.0","20.83","32.45","28.03","159290.0","155.77","134.54"
"106","2015","7","Maharashtra","Solapur","61305.0","54.32","61.07","52.88","29577.0","26.21","29.47","25.51","21982.0","19.48","21.9","18.96","112864.0","112.44","97.35"
"106","2016","7","Maharashtra","Solapur","87706.0","58.46","83.94","71.36","36274.0","24.18","34.72","29.51","26049.0","17.36","24.93","21.19","150029.0","143.58","122.06"
"106","2017","7","Maharashtra","Solapur","101756.0","53.74","97.69","81.77","49267.0","26.02","47.3","39.59","38343.0","20.25","36.81","30.81","189366.0","181.8","152.17"
"107","2008","7","Maharashtra","Kolhapur","42606.0","51.56","99.31","59.02","22690.0","27.46","52.89","31.43","17343.0","20.99","40.43","24.02","82639.0","192.63","114.47"
"107","2009","7","Maharashtra","Kolhapur","69702.0","47.36","161.87","104.82","42920.0","29.16","99.67","64.54","34558.0","23.48","80.26","51.97","147180.0","341.8","221.32"
"107","2010","7","Maharashtra","Kolhapur","65271.0","46.43","151.23","143.8","39649.0","28.2","91.87","87.35","35657.0","25.36","82.62","78.56","140577.0","325.71","309.71"
"107","2011","7","Maharashtra","Kolhapur","68139.0","52.21","157.88","114.79","37177.0","28.49","86.14","62.63","25191.0","19.3","58.37","42.44","130507.0","302.38","219.86"
"107","2012","7","Maharashtra","Kolhapur","71049.0","55.72","164.62","106.81","29658.0","23.26","68.72","44.59","26804.0","21.02","62.1","40.29","127511.0","295.44","191.69"
"107","2013","7","Maharashtra","Kolhapur","65996.0","57.17","152.84","104.33","24460.0","21.19","56.65","38.67","24992.0","21.65","57.88","39.51","115448.0","267.36","182.5"
"107","2014","7","Maharashtra","Kolhapur","78964.0","54.69","182.7","124.75","33235.0","23.02","76.9","52.5","32194.0","22.3","74.49","50.86","144393.0","334.09","228.11"
"107","2015","7","Maharashtra","Kolhapur","68301.0","55.29","157.92","115.41","30649.0","24.81","70.86","51.79","24587.0","19.9","56.85","41.55","123537.0","285.63","208.75"
"107","2016","7","Maharashtra","Kolhapur","78612.0","53.31","181.3","131.83","36007.0","24.42","83.04","60.38","32856.0","22.28","75.77","55.1","147475.0","340.12","247.32"
"107","2017","7","Maharashtra","Kolhapur","70996.0","53.54","163.59","116.54","31024.0","23.4","71.48","50.93","30580.0","23.06","70.46","50.2","132600.0","305.53","217.66"
"108","2008","7","Maharashtra","Aurangabad","125383.0","50.88","99.39","67.97","69443.0","28.18","55.05","37.64","51593.0","20.94","40.9","27.97","246419.0","195.34","133.58"
"108","2009","7","Maharashtra","Aurangabad","130650.0","43.21","103.57","71.05","108103.0","35.75","85.69","58.79","63591.0","21.03","50.41","34.58","302344.0","239.67","164.42"
"108","2010","7","Maharashtra","Aurangabad","173625.0","48.58","137.73","101.66","114258.0","31.97","90.64","66.9","69553.0","19.46","55.17","40.72","357436.0","283.54","209.28"
"108","2011","7","Maharashtra","Aurangabad","156663.0","53.43","124.17","104.91","103209.0","35.2","81.8","69.11","33313.0","11.36","26.4","22.31","293185.0","232.37","196.33"
"108","2012","7","Maharashtra","Aurangabad","108974.0","56.08","86.88","56.05","56360.0","29.0","44.93","28.99","28999.0","14.92","23.12","14.92","194333.0","154.93","99.96"
"108","2013","7","Maharashtra","Aurangabad","157184.0","60.34","125.32","80.85","70473.0","27.05","56.19","36.25","32842.0","12.61","26.18","16.89","260499.0","207.68","133.99"
"108","2014","7","Maharashtra","Aurangabad","137589.0","57.0","109.75","70.41","63421.0","26.27","50.59","32.46","40368.0","16.72","32.2","20.66","241378.0","192.53","123.53"
"108","2015","7","Maharashtra","Aurangabad","149889.0","56.13","121.08","76.81","79736.0","29.86","64.41","40.86","37415.0","14.01","30.22","19.17","267040.0","215.72","136.84"
"108","2016","7","Maharashtra","Aurangabad","152914.0","55.05","123.7","75.08","81144.0","29.21","65.64","39.84","43731.0","15.74","35.38","21.47","277789.0","224.71","136.39"
"108","2017","7","Maharashtra","Aurangabad","136182.0","54.38","108.97","65.63","72462.0","28.94","57.98","34.92","41774.0","16.68","33.43","20.13","250418.0","200.38","120.69"
"109","2008","7","Maharashtra","Parbhani","43691.0","52.46","53.71","31.43","26020.0","31.24","31.99","18.72","13580.0","16.3","16.7","9.77","83291.0","102.4","59.93"
"109","2009","7","Maharashtra","Parbhani","44434.0","47.7","54.65","32.85","35812.0","38.45","44.05","26.48","12903.0","13.85","15.87","9.54","93149.0","114.57","68.87"
"109","2010","7","Maharashtra","Parbhani","61175.0","45.66","75.26","44.47","49370.0","36.85","60.74","35.89","23436.0","17.49","28.83","17.04","133981.0","164.84","97.39"
"109","2011","7","Maharashtra","Parbhani","64608.0","55.14","79.49","51.67","39559.0","33.76","48.67","31.64","13006.0","11.1","16.0","10.4","117173.0","144.16","93.72"
"109","2012","7","Maharashtra","Parbhani","57183.0","54.1","70.44","40.17","34202.0","32.36","42.13","24.03","14313.0","13.54","17.63","10.05","105698.0","130.2","74.25"
"109","2013","7","Maharashtra","Parbhani","62219.0","56.75","76.45","42.33","32707.0","29.83","40.19","22.25","14705.0","13.41","18.07","10.0","109631.0","134.7","74.58"
"109","2014","7","Maharashtra","Parbhani","55310.0","54.05","68.33","38.62","30499.0","29.8","37.68","21.3","16522.0","16.15","20.41","11.54","102331.0","126.41","71.46"
"109","2015","7","Maharashtra","Parbhani","47589.0","48.6","58.91","33.95","36289.0","37.06","44.92","25.89","14041.0","14.34","17.38","10.02","97919.0","121.22","69.86"
"109","2016","7","Maharashtra","Parbhani","50379.0","52.99","61.96","32.85","31340.0","32.97","38.54","20.43","13345.0","14.04","16.41","8.7","95065.0","116.92","61.98"
"109","2017","7","Maharashtra","Parbhani","52514.0","48.48","63.84","33.82","39238.0","36.22","47.7","25.27","16574.0","15.3","20.15","10.67","108326.0","131.69","69.77"
"110","2008","7","Maharashtra","Beed","43728.0","57.98","58.36","48.02","20504.0","27.19","27.36","22.51","11182.0","14.83","14.92","12.28","75414.0","100.65","82.81"
"110","2009","7","Maharashtra","Beed","45937.0","51.74","61.34","46.98","29620.0","33.36","39.55","30.29","13231.0","14.9","17.67","13.53","88788.0","118.56","90.79"
"110","2010","7","Maharashtra","Beed","61270.0","48.0","81.86","60.32","40248.0","31.53","53.77","39.62","26118.0","20.46","34.89","25.71","127636.0","170.52","125.65"
"110","2011","7","Maharashtra","Beed","63456.0","55.2","84.78","73.87","38987.0","33.91","52.09","45.39","12522.0","10.89","16.73","14.58","114965.0","153.59","133.84"
"110","2012","7","Maharashtra","Beed","45305.0","53.71","60.53","44.79","25882.0","30.68","34.58","25.59","13169.0","15.61","17.59","13.02","84356.0","112.7","83.4"
"110","2013","7","Maharashtra","Beed","58257.0","55.48","77.18","56.08","31768.0","30.25","42.09","30.58","14982.0","14.27","19.85","14.42","105007.0","139.12","101.08"
"110","2014","7","Maharashtra","Beed","53577.0","57.09","71.36","51.77","26746.0","28.5","35.62","25.84","13524.0","14.41","18.01","13.07","93847.0","125.0","90.67"
"110","2015","7","Maharashtra","Beed","42548.0","51.61","54.42","40.88","28500.0","34.57","36.45","27.38","11387.0","13.81","14.56","10.94","82435.0","105.43","79.2"
"110","2016","7","Maharashtra","Beed","46921.0","47.65","61.93","45.89","34132.0","34.66","45.05","33.38","17419.0","17.69","22.99","17.04","98472.0","129.98","96.31"
"110","2017","7","Maharashtra","Beed","60321.0","49.11","79.62","59.01","41388.0","33.69","54.63","40.49","21125.0","17.2","27.88","20.66","122834.0","162.14","120.15"
"111","2008","7","Maharashtra","Nanded","75137.0","47.09","106.85","90.42","49622.0","31.1","70.57","59.71","34802.0","21.81","49.49","41.88","159561.0","226.91","192.01"
"111","2009","7","Maharashtra","Nanded","68811.0","40.27","97.85","77.92","61741.0","36.13","87.8","69.91","40320.0","23.6","57.34","45.66","170872.0","242.99","193.49"
"111","2010","7","Maharashtra","Nanded","82291.0","46.45","116.08","86.67","63627.0","35.92","89.75","67.01","31234.0","17.63","44.06","32.9","177152.0","249.9","186.57"
"111","2011","7","Maharashtra","Nanded","85347.0","49.43","120.44","101.23","67338.0","39.0","95.03","79.87","19969.0","11.57","28.18","23.69","172654.0","243.66","204.78"
"111","2012","7","Maharashtra","Nanded","64379.0","49.51","90.88","67.85","46152.0","35.49","65.15","48.64","19514.0","15.01","27.55","20.57","130045.0","183.58","137.06"
"111","2013","7","Maharashtra","Nanded","75715.0","58.29","106.88","79.8","37962.0","29.23","53.59","40.01","16216.0","12.48","22.89","17.09","129893.0","183.36","136.9"
"111","2014","7","Maharashtra","Nanded","85127.0","54.04","121.18","98.98","46277.0","29.38","65.87","53.81","26123.0","16.58","37.19","30.38","157527.0","224.24","183.17"
"111","2015","7","Maharashtra","Nanded","89930.0","53.16","128.01","104.63","60478.0","35.75","86.09","70.36","18755.0","11.09","26.7","21.82","169163.0","240.8","196.82"
"111","2016","7","Maharashtra","Nanded","86710.0","53.36","119.21","88.41","50601.0","31.14","69.56","51.59","25199.0","15.51","34.64","25.69","162510.0","223.41","165.69"
"111","2017","7","Maharashtra","Nanded","75364.0","46.49","103.91","78.19","56691.0","34.97","78.16","58.82","30042.0","18.53","41.42","31.17","162097.0","223.49","168.19"
"112","2008","7","Maharashtra","Osmanabad","42713.0","49.11","42.74","29.04","31507.0","36.23","31.53","21.42","12754.0","14.66","12.76","8.67","86974.0","87.03","59.14"
"112","2009","7","Maharashtra","Osmanabad","48772.0","41.91","48.94","31.17","49805.0","42.8","49.97","31.83","17791.0","15.29","17.85","11.37","116368.0","116.77","74.38"
"112","2010","7","Maharashtra","Osmanabad","65704.0","44.54","65.91","39.49","55999.0","37.96","56.18","33.66","25817.0","17.5","25.9","15.52","147520.0","147.99","88.67"
"112","2011","7","Maharashtra","Osmanabad","74719.0","50.45","75.0","54.95","57775.0","39.01","58.0","42.49","15623.0","10.55","15.68","11.49","148117.0","148.68","108.93"
"112","2012","7","Maharashtra","Osmanabad","55198.0","53.18","55.6","32.96","38588.0","37.17","38.87","23.04","10017.0","9.65","10.09","5.98","103803.0","104.56","61.99"
"112","2013","7","Maharashtra","Osmanabad","62942.0","54.55","63.35","36.34","39283.0","34.04","39.54","22.68","13166.0","11.41","13.25","7.6","115391.0","116.13","66.63"
"112","2014","7","Maharashtra","Osmanabad","53313.0","48.39","54.06","31.62","40241.0","36.52","40.81","23.87","16625.0","15.09","16.86","9.86","110179.0","111.73","65.35"
"112","2015","7","Maharashtra","Osmanabad","37208.0","44.32","38.92","24.86","37177.0","44.28","38.89","24.84","9575.0","11.4","10.02","6.4","83960.0","87.82","56.1"
"112","2016","7","Maharashtra","Osmanabad","47547.0","48.52","51.71","30.84","39296.0","40.1","42.74","25.49","11146.0","11.37","12.12","7.23","97989.0","106.57","63.55"
"112","2017","7","Maharashtra","Osmanabad","57017.0","45.04","60.5","36.81","50445.0","39.85","53.52","32.57","19119.0","15.1","20.29","12.34","126581.0","134.3","81.73"
"113","2008","7","Maharashtra","Buldhana","56029.0","53.16","83.73","69.6","33015.0","31.32","49.34","41.01","16360.0","15.52","24.45","20.32","105404.0","157.51","130.94"
"113","2009","7","Maharashtra","Buldhana","59488.0","50.02","88.89","66.24","46086.0","38.75","68.87","51.31","13362.0","11.23","19.97","14.88","118936.0","177.73","132.43"
"113","2010","7","Maharashtra","Buldhana","70121.0","46.57","104.78","74.28","55252.0","36.69","82.56","58.53","25213.0","16.74","37.68","26.71","150586.0","225.02","159.52"
"113","2011","7","Maharashtra","Buldhana","63220.0","53.88","94.44","83.92","43444.0","37.03","64.9","57.67","10661.0","9.09","15.93","14.15","117325.0","175.27","155.75"
"113","2012","7","Maharashtra","Buldhana","56341.0","52.92","84.17","59.83","37804.0","35.51","56.47","40.14","12321.0","11.57","18.41","13.08","106466.0","159.05","113.06"
"113","2013","7","Maharashtra","Buldhana","65703.0","56.1","98.17","69.26","38902.0","33.22","58.12","41.01","12516.0","10.69","18.7","13.19","117121.0","174.99","123.45"
"113","2014","7","Maharashtra","Buldhana","61874.0","49.9","92.76","64.59","44043.0","35.52","66.03","45.97","18082.0","14.58","27.11","18.87","123999.0","185.91","129.44"
"113","2015","7","Maharashtra","Buldhana","52101.0","51.45","79.04","56.54","38634.0","38.15","58.61","41.93","10525.0","10.39","15.97","11.42","101260.0","153.61","109.89"
"113","2016","7","Maharashtra","Buldhana","54181.0","52.08","82.58","57.23","37263.0","35.82","56.79","39.36","12596.0","12.11","19.2","13.31","104040.0","158.57","109.9"
"113","2017","7","Maharashtra","Buldhana","46834.0","47.58","71.81","51.61","37943.0","38.55","58.18","41.81","13656.0","13.87","20.94","15.05","98433.0","150.92","108.47"
"114","2008","7","Maharashtra","Akola","33920.0","45.81","41.79","31.81","30218.0","40.81","37.23","28.34","9905.0","13.38","12.2","9.29","74043.0","91.23","69.43"
"114","2009","7","Maharashtra","Akola","43590.0","47.35","53.72","39.5","38755.0","42.09","47.76","35.12","9723.0","10.56","11.98","8.81","92068.0","113.47","83.43"
"114","2010","7","Maharashtra","Akola","52616.0","48.98","64.8","47.1","41687.0","38.81","51.34","37.31","13114.0","12.21","16.15","11.74","107417.0","132.29","96.15"
"114","2011","7","Maharashtra","Akola","49165.0","50.04","60.62","52.19","37770.0","38.44","46.57","40.09","11311.0","11.51","13.95","12.01","98246.0","121.13","104.28"
"114","2012","7","Maharashtra","Akola","45269.0","52.31","55.81","38.51","31857.0","36.81","39.28","27.1","9408.0","10.87","11.6","8.0","86534.0","106.69","73.61"
"114","2013","7","Maharashtra","Akola","48658.0","53.72","60.0","40.16","36043.0","39.79","44.44","29.75","5881.0","6.49","7.25","4.85","90582.0","111.69","74.76"
"114","2014","7","Maharashtra","Akola","40918.0","51.42","50.65","33.73","28071.0","35.28","34.75","23.14","10588.0","13.31","13.11","8.73","79577.0","98.51","65.6"
"114","2015","7","Maharashtra","Akola","46166.0","46.63","57.25","38.44","40604.0","41.01","50.35","33.81","12236.0","12.36","15.17","10.19","99006.0","122.78","82.44"
"114","2016","7","Maharashtra","Akola","40759.0","53.14","50.26","33.34","27711.0","36.13","34.17","22.66","8225.0","10.72","10.14","6.73","76695.0","94.57","62.73"
"114","2017","7","Maharashtra","Akola","34359.0","45.3","42.37","28.38","30699.0","40.47","37.85","25.36","10789.0","14.22","13.3","8.91","75847.0","93.52","62.65"
"115","2008","7","Maharashtra","Amarawati","32612.0","44.31","43.35","29.34","28361.0","38.53","37.7","25.51","12630.0","17.16","16.79","11.36","73603.0","97.84","66.21"
"115","2009","7","Maharashtra","Amarawati","38636.0","48.12","51.38","39.26","28853.0","35.94","38.37","29.32","12798.0","15.94","17.02","13.0","80287.0","106.78","81.58"
"115","2010","7","Maharashtra","Amarawati","37910.0","47.41","50.48","42.53","31649.0","39.58","42.14","35.51","10397.0","13.0","13.84","11.66","79956.0","106.47","89.71"
"115","2011","7","Maharashtra","Amarawati","39438.0","46.84","52.51","51.74","32650.0","38.78","43.48","42.83","12101.0","14.37","16.11","15.87","84189.0","112.1","110.44"
"115","2012","7","Maharashtra","Amarawati","37984.0","52.7","50.58","38.59","25241.0","35.02","33.61","25.65","8855.0","12.28","11.79","9.0","72080.0","95.98","73.24"
"115","2013","7","Maharashtra","Amarawati","37973.0","52.25","50.54","38.58","24615.0","33.87","32.76","25.01","10093.0","13.89","13.43","10.26","72681.0","96.73","73.85"
"115","2014","7","Maharashtra","Amarawati","37393.0","49.61","49.76","38.0","23701.0","31.45","31.54","24.09","14274.0","18.94","19.0","14.51","75368.0","100.3","76.59"
"115","2015","7","Maharashtra","Amarawati","41776.0","47.71","55.63","42.46","31873.0","36.4","42.44","32.4","13922.0","15.9","18.54","14.15","87571.0","116.61","89.01"
"115","2016","7","Maharashtra","Amarawati","33341.0","49.8","44.4","33.89","22777.0","34.02","30.33","23.15","10833.0","16.18","14.42","11.01","66951.0","89.15","68.05"
"115","2017","7","Maharashtra","Amarawati","35041.0","47.27","46.76","35.68","25616.0","34.56","34.19","26.08","13467.0","18.17","17.97","13.71","74124.0","98.92","75.48"
"116","2008","7","Maharashtra","Yeotmal","44865.0","56.79","53.01","45.95","22335.0","28.27","26.39","22.87","11808.0","14.95","13.95","12.09","79008.0","93.36","80.92"
"116","2009","7","Maharashtra","Yeotmal","40899.0","43.9","48.41","41.89","34859.0","37.41","41.26","35.7","17414.0","18.69","20.61","17.83","93172.0","110.28","95.42"
"116","2010","7","Maharashtra","Yeotmal","59829.0","49.04","70.87","60.74","40399.0","33.12","47.85","41.01","21761.0","17.84","25.78","22.09","121989.0","144.5","123.85"
"116","2011","7","Maharashtra","Yeotmal","64375.0","54.17","75.67","67.02","39960.0","33.63","46.97","41.6","14493.0","12.2","17.04","15.09","118828.0","139.68","123.71"
"116","2012","7","Maharashtra","Yeotmal","60352.0","53.76","70.94","60.81","36458.0","32.47","42.86","36.73","15462.0","13.77","18.18","15.58","112272.0","131.98","113.12"
"116","2013","7","Maharashtra","Yeotmal","58374.0","59.81","68.3","58.58","27815.0","28.5","32.54","27.91","11402.0","11.68","13.34","11.44","97591.0","114.18","97.93"
"116","2014","7","Maharashtra","Yeotmal","65971.0","55.12","77.19","66.1","34086.0","28.48","39.88","34.15","19632.0","16.4","22.97","19.67","119689.0","140.04","119.93"
"116","2015","7","Maharashtra","Yeotmal","67991.0","55.69","79.55","68.5","37456.0","30.68","43.82","37.74","16637.0","13.63","19.47","16.76","122084.0","142.84","122.99"
"116","2016","7","Maharashtra","Yeotmal","59373.0","57.62","69.47","59.82","26974.0","26.18","31.56","27.18","16697.0","16.2","19.54","16.82","103045.0","120.56","103.81"
"116","2017","7","Maharashtra","Yeotmal","48715.0","48.91","57.0","49.08","32201.0","32.33","37.68","32.44","18677.0","18.75","21.85","18.82","99593.0","116.52","100.34"
"117","2008","7","Maharashtra","Wardha","25201.0","48.23","69.1","64.97","19070.0","36.49","52.29","49.16","7984.0","15.28","21.89","20.58","52255.0","143.28","134.71"
"117","2009","7","Maharashtra","Wardha","28109.0","43.65","77.2","61.25","24466.0","37.99","67.2","53.31","11822.0","18.36","32.47","25.76","64397.0","176.87","140.33"
"117","2010","7","Maharashtra","Wardha","34945.0","47.35","95.9","74.86","26326.0","35.67","72.24","56.4","12532.0","16.98","34.39","26.85","73803.0","202.53","158.1"
"117","2011","7","Maharashtra","Wardha","29767.0","47.3","81.69","62.23","24946.0","39.64","68.46","52.16","8214.0","13.05","22.54","17.17","62927.0","172.69","131.56"
"117","2012","7","Maharashtra","Wardha","30478.0","52.73","83.64","64.72","18236.0","31.55","50.04","38.73","9082.0","15.71","24.92","19.29","57796.0","158.61","122.74"
"117","2013","7","Maharashtra","Wardha","34333.0","53.71","94.63","73.17","19156.0","29.97","52.8","40.83","10433.0","16.32","28.76","22.24","63922.0","176.19","136.24"
"117","2014","7","Maharashtra","Wardha","36931.0","49.94","101.6","79.42","20366.0","27.54","56.03","43.8","16649.0","22.52","45.8","35.8","73946.0","203.43","159.02"
"117","2015","7","Maharashtra","Wardha","36791.0","48.37","101.24","79.55","26563.0","34.93","73.1","57.43","12702.0","16.7","34.95","27.46","76056.0","209.29","164.45"
"117","2016","7","Maharashtra","Wardha","40246.0","51.41","116.59","90.08","24255.0","30.98","70.26","54.29","13788.0","17.61","39.94","30.86","78289.0","226.79","175.22"
"117","2017","7","Maharashtra","Wardha","30404.0","44.78","88.36","67.9","21073.0","31.03","61.24","47.06","16426.0","24.19","47.74","36.68","67903.0","197.34","151.64"
"118","2008","7","Maharashtra","Nagpur","30253.0","48.84","55.4","51.2","23760.0","38.36","43.51","40.21","7930.0","12.8","14.52","13.42","61943.0","113.43","104.83"
"118","2009","7","Maharashtra","Nagpur","37371.0","51.09","68.03","57.76","30062.0","41.09","54.73","46.46","5721.0","7.82","10.42","8.84","73154.0","133.18","113.07"
"118","2010","7","Maharashtra","Nagpur","41087.0","48.57","74.8","63.52","33023.0","39.04","60.12","51.06","10481.0","12.39","19.08","16.2","84591.0","154.0","130.78"
"118","2011","7","Maharashtra","Nagpur","41856.0","50.58","76.2","65.28","31855.0","38.49","57.99","49.68","9046.0","10.93","16.47","14.11","82757.0","150.66","129.07"
"118","2012","7","Maharashtra","Nagpur","41831.0","58.26","76.07","65.25","22939.0","31.95","41.71","35.78","7029.0","9.79","12.78","10.96","71799.0","130.57","111.99"
"118","2013","7","Maharashtra","Nagpur","42748.0","61.94","77.55","66.14","20062.0","29.07","36.4","31.04","6205.0","8.99","11.26","9.6","69015.0","125.21","106.78"
"118","2014","7","Maharashtra","Nagpur","44227.0","57.5","80.06","68.15","22985.0","29.88","41.61","35.42","9704.0","12.62","17.57","14.95","76916.0","139.24","118.51"
"118","2015","7","Maharashtra","Nagpur","52947.0","56.27","95.71","81.48","31892.0","33.9","57.65","49.08","9250.0","9.83","16.72","14.24","94089.0","170.08","144.8"
"118","2016","7","Maharashtra","Nagpur","42467.0","58.94","75.83","64.46","21329.0","29.6","38.09","32.38","8254.0","11.46","14.74","12.53","72050.0","128.66","109.37"
"118","2017","7","Maharashtra","Nagpur","50667.0","55.16","90.69","77.3","30322.0","33.01","54.27","46.26","10873.0","11.84","19.46","16.59","91862.0","164.42","140.14"
"119","2008","7","Maharashtra","Bhandara","28598.0","73.32","79.11","67.32","9056.0","23.22","25.05","21.32","1351.0","3.46","3.74","3.18","39005.0","107.9","91.82"
"119","2009","7","Maharashtra","Bhandara","28825.0","59.78","79.85","62.07","17565.0","36.43","48.66","37.82","1830.0","3.8","5.07","3.94","48220.0","133.57","103.83"
"119","2010","7","Maharashtra","Bhandara","35903.0","59.67","99.07","75.55","19581.0","32.54","54.03","41.21","4685.0","7.79","12.93","9.86","60169.0","166.03","126.62"
"119","2011","7","Maharashtra","Bhandara","35170.0","63.03","97.26","82.12","18135.0","32.5","50.15","42.34","2493.0","4.47","6.89","5.82","55798.0","154.31","130.28"
"119","2012","7","Maharashtra","Bhandara","33386.0","60.88","92.53","67.58","17253.0","31.46","47.82","34.93","4202.0","7.66","11.65","8.51","54841.0","152.0","111.01"
"119","2013","7","Maharashtra","Bhandara","39120.0","65.99","108.58","78.82","16996.0","28.67","47.17","34.25","3164.0","5.34","8.78","6.38","59280.0","164.53","119.44"
"119","2014","7","Maharashtra","Bhandara","38014.0","63.46","105.98","77.11","18606.0","31.06","51.87","37.74","3282.0","5.48","9.15","6.66","59902.0","167.0","121.51"
"119","2015","7","Maharashtra","Bhandara","46098.0","66.25","128.44","93.39","21284.0","30.59","59.3","43.12","2204.0","3.17","6.14","4.47","69586.0","193.89","140.98"
"119","2016","7","Maharashtra","Bhandara","54851.0","65.84","152.66","109.33","24803.0","29.77","69.03","49.44","3652.0","4.38","10.16","7.28","83306.0","231.86","166.05"
"119","2017","7","Maharashtra","Bhandara","39166.0","66.95","109.52","80.92","17288.0","29.55","48.34","35.72","2044.0","3.49","5.72","4.22","58498.0","163.59","120.86"
"120","2008","7","Maharashtra","Chandrapur","32609.0","64.79","51.93","44.47","14179.0","28.17","22.58","19.34","3541.0","7.04","5.64","4.83","50329.0","80.14","68.63"
"120","2009","7","Maharashtra","Chandrapur","34832.0","52.19","55.88","48.53","25334.0","37.96","40.64","35.3","6569.0","9.84","10.54","9.15","66735.0","107.07","92.98"
"120","2010","7","Maharashtra","Chandrapur","44599.0","55.04","71.24","61.13","29538.0","36.46","47.19","40.49","6886.0","8.5","11.0","9.44","81023.0","129.43","111.05"
"120","2011","7","Maharashtra","Chandrapur","46121.0","60.43","73.68","67.11","24779.0","32.46","39.58","36.06","5426.0","7.11","8.67","7.9","76326.0","121.93","111.07"
"120","2012","7","Maharashtra","Chandrapur","46347.0","62.12","74.08","61.89","21869.0","29.31","34.96","29.2","6396.0","8.57","10.22","8.54","74612.0","119.26","99.63"
"120","2013","7","Maharashtra","Chandrapur","45373.0","66.57","71.96","60.55","18750.0","27.51","29.74","25.02","4035.0","5.92","6.4","5.39","68158.0","108.1","90.96"
"120","2014","7","Maharashtra","Chandrapur","50631.0","61.19","80.04","67.78","25011.0","30.23","39.54","33.48","7106.0","8.59","11.23","9.51","82748.0","130.81","110.77"
"120","2015","7","Maharashtra","Chandrapur","59149.0","63.09","93.87","79.44","28031.0","29.9","44.49","37.65","6577.0","7.01","10.44","8.83","93757.0","148.8","125.92"
"120","2016","7","Maharashtra","Chandrapur","54453.0","65.58","86.01","71.99","23894.0","28.78","37.74","31.59","4689.0","5.65","7.41","6.2","83037.0","131.16","109.78"
"120","2017","7","Maharashtra","Chandrapur","56306.0","62.29","89.28","75.65","27211.0","30.1","43.14","36.56","6878.0","7.61","10.91","9.24","90395.0","143.32","121.45"